<?xml version="1.0" encoding="UTF-8"?>
<!--
  Licensed to the Apache Software Foundation (ASF) under one
  or more contributor license agreements. See the NOTICE file
  distributed with this work for additional information
  regarding copyright ownership. The ASF licenses this file
  to you under the Apache License, Version 2.0 (the
  "License"); you may not use this file except in compliance
  with the License. You may obtain a copy of the License at

  http://www.apache.org/licenses/LICENSE-2.0

  Unless required by applicable law or agreed to in writing,
  software distributed under the License is distributed on an
  "AS IS" BASIS, WITHOUT WARRANTIES OR CONDITIONS OF ANY
  KIND, either express or implied. See the License for the
  specific language governing permissions and limitations
  under the License.
-->
<beans xmlns="http://www.springframework.org/schema/beans" xmlns:beans="http://www.springframework.org/schema/beans" xmlns:xsi="http://www.w3.org/2001/XMLSchema-instance" xmlns:sec="http://cxf.apache.org/configuration/security" xmlns:http="http://cxf.apache.org/transports/http/configuration" xmlns:httpj="http://cxf.apache.org/transports/http-jetty/configuration" xmlns:jaxws="http://java.sun.com/xml/ns/jaxws" xmlns:jaxrs="http://cxf.apache.org/jaxrs" xsi:schemaLocation="http://cxf.apache.org/configuration/security                       http://cxf.apache.org/schemas/configuration/security.xsd             http://cxf.apache.org/transports/http/configuration             http://cxf.apache.org/schemas/configuration/http-conf.xsd             http://cxf.apache.org/transports/http-jetty/configuration             http://cxf.apache.org/schemas/configuration/http-jetty.xsd             http://www.springframework.org/schema/beans             http://www.springframework.org/schema/beans/spring-beans.xsd http://cxf.apache.org/jaxrs http://cxf.apache.org/schemas/jaxrs.xsd">
    <import resource="classpath:META-INF/cxf/cxf.xml"/>
    <import resource="classpath:META-INF/cxf/cxf-servlet.xml"/>
    <!-- Publish OAuth endpoints-->
    <jaxrs:server id="oauthServer" address="/oauth/">
        <jaxrs:serviceBeans>
            <ref bean="oauthServices"/>
        </jaxrs:serviceBeans>
        <jaxrs:providers>
            <ref bean="dispatchProvider"/>
        </jaxrs:providers>
    </jaxrs:server>
    <!--Definitions of OAuth module endpoints-->
    <bean id="oauthServices" class="org.apache.cxf.rs.security.oauth.services.OAuthDefaultServices"/>
    <!--Redirects from Resource Owner Authorization Endpoint to sign in page-->
    <bean id="dispatchProvider" class="org.apache.cxf.jaxrs.provider.RequestDispatcherProvider">
        <property name="resourcePath" value="/oAuthLogin.jsp"/>
    </bean>
    <!-- Endpoint serves OAuth protected resource -->
    <jaxrs:server id="resourceServer" address="/resources/">
        <jaxrs:serviceBeans>
            <ref bean="resource"/>
        </jaxrs:serviceBeans>
        <jaxrs:providers>
            <ref bean="springSecurityExceptionMapper"/>
        </jaxrs:providers>
    </jaxrs:server>
    <bean id="springSecurityExceptionMapper" class="demo.oauth.server.spring.SpringSecurityExceptionMapper"/>
    <!-- Resource Provider -->
    <bean id="resource" class="demo.oauth.server.SampleResourceProvider"/>
</beans>
