<?xml version="1.0" encoding="UTF-8"?>
<!DOCTYPE mapper PUBLIC "-//mybatis.org//DTD Mapper 3.0//EN" 
"http://mybatis.org/dtd/mybatis-3-mapper.dtd">
<mapper namespace="com.jmt.dao.AreaDao"><!-- space里面写的是对应的dao层的接口 -->
	<!-- 当持久化类的属性与数据库字段不一致时，在SQL语句中使用别名很麻烦，所以使用resultMap实现持久化类属性和字段的映射 -->

	<!-- <resultMap type="com.jmt.pojo.Area" id="AreaResultMap">
		<id property="id" column="id" />
		<result property="parentId" column="PARENT_ID" />
		<result property="parentIds" column="PARENT_IDS" />
		<result property="name" column="NAME" />
		<result property="sort" column="sort" />
		<result property="code" column="code" />
		<result property="type" column="type" />		
		<result property="createDate" column="CREATE_DATE" />
		<result property="updateBy" column="UPDATE_BY" />
		<result property="updateDate" column="UPDATE_DATE" />
		<result property="remarks" column="remarks" />
		<result property="delFlag" column="DEL_FLAG" />	
	</resultMap> -->

	
</mapper>
