<?xml version="1.0" encoding="UTF-8"?>
<beans xmlns="http://www.springframework.org/schema/beans"
	xmlns:xsi="http://www.w3.org/2001/XMLSchema-instance" xmlns:aop="http://www.springframework.org/schema/aop"
	xmlns:context="http://www.springframework.org/schema/context" xmlns:tx="http://www.springframework.org/schema/tx"
	xsi:schemaLocation="http://www.springframework.org/schema/beans
	http://www.springframework.org/schema/beans/spring-beans-4.3.xsd
	http://www.springframework.org/schema/context
	http://www.springframework.org/schema/context/spring-context.xsd
	http://www.springframework.org/schema/aop 
	http://www.springframework.org/schema/aop/spring-aop-4.0.xsd 
	http://www.springframework.org/schema/tx
	
	http://www.springframework.org/schema/tx/spring-tx.xsd">
	<!-- 配置事务管理器 -->
	<bean id="transactionManager"
		class="org.springframework.jdbc.datasource.DataSourceTransactionManager">
		<!-- 注入数据库连接池 -->
		<property name="dataSource" ref="dataSource" />
	</bean>

	<!-- 配置基于注解的声明式事务 -->
<!-- <tx:annotation-driven transaction-manager="transactionManager" > -->
	<!-- =======================添加事物管理(不是基于注解的声明式事务)====================== -->
	
	
	<!-- 配置事务通知属性 -->
	<tx:advice id="txAdvice" transaction-manager="transactionManager">
		<!-- 定义事务传播属性 -->
		<tx:attributes>
			<tx:method name="insert*" propagation="REQUIRED" />
			<tx:method name="update*" propagation="REQUIRED" />
			<tx:method name="edit*" propagation="REQUIRED" />
			<tx:method name="save*" propagation="REQUIRED" />
			<tx:method name="add*" propagation="REQUIRED" />
			<tx:method name="new*" propagation="REQUIRED" />
			<tx:method name="set*" propagation="REQUIRED" />
			<tx:method name="remove*" propagation="REQUIRED" />
			<tx:method name="delete*" propagation="REQUIRED" />
			<tx:method name="change*" propagation="REQUIRED" />
			<tx:method name="check*" propagation="REQUIRED" />
			<tx:method name="get*" propagation="REQUIRED" read-only="true" />
			<tx:method name="find*" propagation="REQUIRED"  />
			<tx:method name="load*" propagation="REQUIRED" read-only="true" />
			<tx:method name="*" propagation="REQUIRED" read-only="true" />
		</tx:attributes>
	</tx:advice>
	<!-- 配置事务切面 -->
	<aop:config>
		<aop:pointcut id="serviceOperation"
			expression="execution(* com.jmt.service.*.*(..))" />
		<aop:advisor advice-ref="txAdvice" pointcut-ref="serviceOperation" />
	</aop:config>

	<!-- =======================上面是新加事物管理====================== -->
</beans>