<?xml version="1.0" encoding="UTF-8"?>
<beans xmlns="http://www.springframework.org/schema/beans"
	xmlns:xsi="http://www.w3.org/2001/XMLSchema-instance" xmlns:context="http://www.springframework.org/schema/context"
	xmlns:mvc="http://www.springframework.org/schema/mvc" xmlns:p="http://www.springframework.org/schema/p"
	xsi:schemaLocation="http://www.springframework.org/schema/beans  
            http://www.springframework.org/schema/beans/spring-beans-4.3.xsd  
            http://www.springframework.org/schema/mvc  
            http://www.springframework.org/schema/mvc/spring-mvc.xsd  
            http://www.springframework.org/schema/context  
            http://www.springframework.org/schema/context/spring-context.xsd"
	default-lazy-init="true">
	<!-- 通过mvc:resources设置静态资源，这样servlet就会处理这些静态资源，而不通过控制器 -->
	<!-- 设置不过滤内容，比如:css,jquery,img 等资源文件 -->
	<mvc:resources location="/*.html" mapping="/**.html" />
	<mvc:resources location="/css/*" mapping="/css/**" />
	<mvc:resources location="/js/*" mapping="/js/**" />
	<mvc:resources location="/images/*" mapping="/images/**" />
	<!-- 添加注解驱动 -->
	<mvc:annotation-driven />
	<!-- 默认扫描的包路径 -->
	<context:component-scan base-package="com.jmt" />
	<!-- mvc:view-controller可以在不需要Controller处理request的情况，转向到设置的View -->
	<!-- 像下面这样设置，如果请求为/，则不通过controller，而直接解析为/index.jsp -->
	<mvc:view-controller path="/" view-name="index" />
	<!--=======================新添加的支持shiro对Controller的方法级aop安全控制  -->
	<bean
		class="org.springframework.aop.framework.autoproxy.DefaultAdvisorAutoProxyCreator"
		depends-on="lifecycleBeanPostProcessor">
		<property name="proxyTargetClass" value="true" />
	</bean>
	<bean
		class="org.apache.shiro.spring.security.interceptor.AuthorizationAttributeSourceAdvisor">
		<property name="securityManager" ref="securityManager" />
	</bean>
	<!-- ========================================== -->
	<!-- 总错误处理 -->
	<bean id="exceptionResolver"
		class="org.springframework.web.servlet.handler.SimpleMappingExceptionResolver">
		<property name="defaultErrorView">
			<value>error/admin-error</value>
		</property>
		<property name="defaultStatusCode">
			<value>500</value>
		</property>
		<property name="warnLogCategory">
			<value>org.springframework.web.servlet.handler.SimpleMappingExceptionResolver
			</value>
		</property>
	</bean>

		<!-- 视图解析器 -->
	<bean class="org.springframework.web.servlet.view.UrlBasedViewResolver">
		<property name="viewClass"
			value="org.springframework.web.servlet.view.JstlView"></property>
		<!-- 配置jsp路径前缀 -->
		<property name="prefix" value="/jsp/"></property>
		<!-- 配置URl后缀 -->
		<property name="suffix" value=".jsp"></property>
	</bean>
</beans> 