<?xml version="1.0" encoding="UTF-8" ?>
<beans xmlns="http://www.springframework.org/schema/beans"
	xmlns:xsi="http://www.w3.org/2001/XMLSchema-instance" 
	xmlns:context="http://www.springframework.org/schema/context"
	xsi:schemaLocation="http://www.springframework.org/schema/beans
	http://www.springframework.org/schema/beans/spring-beans-4.3.xsd
	http://www.springframework.org/schema/context
	http://www.springframework.org/schema/context/spring-context.xsd">
	<!-- 配置整合mybatis过程 -->
	<!-- 1.配置数据库相关参数properties的属性：${url} -->
	<context:property-placeholder location="classpath:jdbc.properties" />

	<!-- 2.数据库连接池 -->
	  <bean id="dataSource" class="org.apache.commons.dbcp.BasicDataSource"  
       destroy-method="close">  
       <property name="driverClassName" value="${jdbc.driver}" />  
       <property name="url" value="${jdbc.url}" />  
       <property name="username" value="${jdbc.username}" />  
       <property name="password" value="${jdbc.password}" />  
       <!-- 初始化连接大小 -->  
       <property name="initialSize" value="${initialSize}"></property>  
       <!-- 连接池最大数量 -->  
       <property name="maxActive" value="${maxActive}"></property>  
       <!-- 连接池最大空闲 -->  
       <property name="maxIdle" value="${maxIdle}"></property>  
       <!-- 连接池最小空闲 -->  
       <property name="minIdle" value="${minIdle}"></property>  
        <!-- 获取连接最大等待时间 -->  
        <property name="maxWait" value="${maxWait}"></property>  
    </bean>  
	<!-- 3.配置mybatis的SqlSessionFactory对象 -->
	<bean id="sqlSessionFactory" class="org.mybatis.spring.SqlSessionFactoryBean">
		<!-- 注入数据库连接池 -->
		<property name="dataSource" ref="dataSource" />
		<!-- 配置MyBaties全局配置文件:sqlMapConfig.xml-->
		<property name="configLocation" value="classpath:sqlMapConfig.xml" />
		<!-- 扫描entity包 使用别名 -->
		<property name="typeAliasesPackage" value="com.jmt.pojo" />
		
	</bean>

	<!-- 4.配置扫描Dao接口包，动态实现Dao接口，注入到spring容器中 -->
	<bean class="org.mybatis.spring.mapper.MapperScannerConfigurer">
		<!-- 注入sqlSessionFactory -->
	<property name="sqlSessionFactoryBeanName" value="sqlSessionFactory" /> 
		
		<!-- 给出需要扫描Dao接口包 -->
		<property name="basePackage" value="com.jmt.dao" />
	</bean>
	<!--==============新添加的自动义Realm=============  -->
		<bean id="myRealm" class="com.jmt.realm.myRealm" />

	<!-- 安全管理器 -->
	<bean id="securityManager" class="org.apache.shiro.web.mgt.DefaultWebSecurityManager"
		>
		<property name="realm" ref="myRealm" />
	</bean>
	<!-- shiro过滤器 -->
	<bean id="shiroFilter" class="org.apache.shiro.spring.web.ShiroFilterFactoryBean">
		<!-- Shiro的核心安全接口,这个属性是必须的 -->
		<property name="securityManager" ref="securityManager" />
		<!-- 身份认证失败，则跳转到登录页面的配置 -->
		<property name="loginUrl" value="/index.jsp" />
		<!-- 权限认证失败，则跳转到指定页面 -->
		<property name="unauthorizedUrl" value="/error.jsp" />
		<!-- Shiro连接约束配置,即过滤链的定义 -->
		<property name="filterChainDefinitions">
			<value>
				<!-- 请求login不需要认证，所有人都可以 -->
				/login=anon
				<!-- 请求plfm则需要认证，没有认证则跳转到登录界面 -->
				/**=authc
				<!-- /plfm*/**=authc -->
				<!-- 请求则需要admin，‘部门管理员’的角色才能进入 -->
				<!-- /sys/*/**=roles[admin,"部门管理员"] -->
				<!-- 请求teacher则需要有user：create 的权限才能进入 -->
				<!-- /teacher=perms["user:create"] -->
			</value>
		</property>
	</bean>
	<!-- 保证实现了Shiro内部lifecycle函数的bean执行 -->
	<bean id="lifecycleBeanPostProcessor" class="org.apache.shiro.spring.LifecycleBeanPostProcessor" />

	<!-- 开启Shiro注解 -->   <!-- AOP式方法级权限检查 -->
	<bean
		class="org.springframework.aop.framework.autoproxy.DefaultAdvisorAutoProxyCreator"
		depends-on="lifecycleBeanPostProcessor"/>
	<bean
		class="org.apache.shiro.spring.security.interceptor.AuthorizationAttributeSourceAdvisor">
		
		<property name="securityManager" ref="securityManager" />
	</bean>
	<!-- =================================== -->
	
	
</beans>